{
  "n_charts_tcc": 84,
  "n_sets_mc": 1191,
  "n_charts_mc": 100044,
  "tcc_d1_kendras": 31,
  "tcc_d9_kendras": 41,
  "tcc_either_kendras": 60,
  "tcc_proportion": 0.7142857142857143,
  "mc_mean_per_set_of_84": 46.97481108312343,
  "mc_sd_per_set_of_84": 4.58268978412872,
  "mc_proportion_overall": 0.559223941465755,
  "mc_total_kendras": 55947,
  "H1_normal_z": 2.8422584836501157,
  "H1_normal_p_one_sided": 0.002239757837409484,
  "H1_empirical_p_one_sided": 0.0016792611251049538,
  "H1_fisher_odds_ratio": 1.970480990937852,
  "H1_fisher_p_one_sided": 0.00254697875390705,
  "H1_two_prop_z": 2.861368907721417,
  "H1_two_prop_p_one_sided": 0.002109079540586256,
  "H1_power_alpha_target": 0.05,
  "H1_power_k_critical": 55,
  "H1_power_actual_alpha": 0.04800730161454066,
  "H1_power_against_observed_effect": 0.9061342395707505,
  "H2_top1000_intercept": 0.10132560713913832,
  "H2_top1000_slope": 0.08779193821736558,
  "H2_top1000_intercept_p": 0.6805298950934155,
  "H2_top1000_slope_p": 0.05001016391367742,
  "H2_top1000_intercept_se": 0.2460911518208764,
  "H2_top1000_slope_se": 0.0447946154066861,
  "H2_top1000_aic": 96.47901011494501,
  "H2_top1000_bic": 101.34064371263165,
  "H2_top1000_llf": -46.239505057472506,
  "H2_top1000_llnull": -50.25464544420952,
  "H2_top1000_pseudo_r2_mcfadden": 0.07989590516949219,
  "H2_top1000_lr_stat": 8.030280773474033,
  "H2_top500_n": 57,
  "H2_top500_intercept": -0.548868219473226,
  "H2_top500_slope": 0.16817126379295402,
  "H2_top500_intercept_p": 0.1925616023671204,
  "H2_top500_slope_p": 0.017496508895620877,
  "H2_top500_aic": 60.55725712547405,
  "H2_top500_bic": 64.64335966114315,
  "H2_top500_pseudo_r2_mcfadden": 0.1858544049499704,
  "H2_top1000_logit_aic": 96.69068802467693,
  "H2_top1000_logit_bic": 101.55232162236356,
  "H2_top1000_probit_better_aic": true,
  "H2_power_simulation_n": 2000,
  "H2_power_against_fitted_effect": 0.599,
  "tcc_house_dist_d1_d9_combined": [
    23,
    15,
    7,
    14,
    11,
    5,
    14,
    15,
    13,
    21,
    14,
    16
  ],
  "tcc_kendra_count_d1_d9": 72,
  "tcc_panapara_count_d1_d9": 55,
  "tcc_apoklima_count_d1_d9": 41,
  "zipf_mandelbrot_C": 150862664.43271622,
  "zipf_mandelbrot_b": 5.46694274983765,
  "zipf_mandelbrot_s": 0.665992827509561,
  "zipf_mandelbrot_r2": 0.9962421698863194,
  "cultural_chi2": 7.859613704215047,
  "cultural_chi2_p": 0.0196474670534575
}